problem_index,alg_time
a,0.082734
b,0.455495
c,0.338541
d,1.861825
e,1.947038
